<?xml version="1.0"?><Logs version="1" appname="Application Service SQL Execution" id="a3e2a7f9-59a0-430c-b4da-6a5e0c66dbd7" date="06/00/2018 05"><Log id="" logtype="None" datetime="00:05" user="" logname="GetDataTable method executed">Method Name: GetDataTable
Duration: 1 ms
User Id: 
SQL Command: SELECT * FROM OSUSERS WHERE ID=#ID
ID=workflow
</Log><Log id="" logtype="None" datetime="00:05" user="" logname="GetScalarValue method executed">Method Name: GetScalarValue
Duration: 0 ms
User Id: 
SQL Command: SELECT PVALUE FROM OSPROPERTYVALUES WHERE OSID=#OSID AND ID=#ID AND PNAME=#PNAME
OSID=1
ID=workflow
PNAME=Language
</Log><Log id="" logtype="None" datetime="00:09" user="" logname="GetDataTable method executed">Method Name: GetDataTable
Duration: 3 ms
User Id: 
SQL Command: SELECT * FROM OSUSERS WHERE ID=#ID
ID=workflow
</Log><Log id="" logtype="None" datetime="00:09" user="" logname="GetScalarValue method executed">Method Name: GetScalarValue
Duration: 1 ms
User Id: 
SQL Command: SELECT PVALUE FROM OSPROPERTYVALUES WHERE OSID=#OSID AND ID=#ID AND PNAME=#PNAME
OSID=1
ID=workflow
PNAME=Language
</Log><Log id="" logtype="None" datetime="00:27" user="" logname="ExecuteReader method executed">Method Name: ExecuteReader
Duration: 3 ms
User Id: 
SQL Command: SELECT * FROM OSUSERS
</Log><Log id="" logtype="None" datetime="00:27" user="" logname="ExecuteReader method executed">Method Name: ExecuteReader
Duration: 1 ms
User Id: 
SQL Command: SELECT * FROM OSMANAGERS
</Log><Log id="" logtype="None" datetime="00:27" user="" logname="ExecuteReader method executed">Method Name: ExecuteReader
Duration: 1 ms
User Id: 
SQL Command: SELECT * FROM OSPOSITIONS
</Log><Log id="" logtype="None" datetime="00:27" user="" logname="ExecuteReader method executed">Method Name: ExecuteReader
Duration: 1 ms
User Id: 
SQL Command: SELECT * FROM OSPROFESSIONS
</Log><Log id="" logtype="None" datetime="00:27" user="" logname="ExecuteReader method executed">Method Name: ExecuteReader
Duration: 1 ms
User Id: 
SQL Command: SELECT * FROM OSDEPARTMENTS
</Log><Log id="" logtype="None" datetime="00:27" user="" logname="ExecuteReader method executed">Method Name: ExecuteReader
Duration: 1 ms
User Id: 
SQL Command: SELECT * FROM OSGROUPS
</Log><Log id="" logtype="None" datetime="00:27" user="" logname="ExecuteReader method executed">Method Name: ExecuteReader
Duration: 1 ms
User Id: 
SQL Command: SELECT * FROM OSGROUPCONTENT
</Log><Log id="" logtype="None" datetime="00:27" user="" logname="ExecuteReader method executed">Method Name: ExecuteReader
Duration: 19 ms
User Id: 
SQL Command: SELECT * FROM SMPERMISSIONS
</Log><Log id="" logtype="None" datetime="00:27" user="" logname="ExecuteReader method executed">Method Name: ExecuteReader
Duration: 1 ms
User Id: 
SQL Command: SELECT * FROM SMPERMISSIONGROUPS
</Log><Log id="" logtype="None" datetime="00:27" user="" logname="ExecuteReader method executed">Method Name: ExecuteReader
Duration: 2 ms
User Id: 
SQL Command: SELECT * FROM SMPERMISSIONGROUPCONTENT
</Log><Log id="" logtype="None" datetime="00:27" user="" logname="ExecuteReader method executed">Method Name: ExecuteReader
Duration: 1 ms
User Id: 
SQL Command: SELECT * FROM SMROLEGROUPS
</Log><Log id="" logtype="None" datetime="00:27" user="" logname="ExecuteReader method executed">Method Name: ExecuteReader
Duration: 2 ms
User Id: 
SQL Command: SELECT * FROM SMROLEGROUPCONTENT
</Log><Log id="" logtype="None" datetime="00:36" user="" logname="GetDataTable method executed">Method Name: GetDataTable
Duration: 2 ms
User Id: 
SQL Command: SELECT * FROM OSUSERS WHERE ID=#ID
ID=workflow
</Log><Log id="" logtype="None" datetime="00:36" user="" logname="GetScalarValue method executed">Method Name: GetScalarValue
Duration: 0 ms
User Id: 
SQL Command: SELECT PVALUE FROM OSPROPERTYVALUES WHERE OSID=#OSID AND ID=#ID AND PNAME=#PNAME
OSID=1
ID=workflow
PNAME=Language
</Log><Log id="" logtype="None" datetime="00:37" user="" logname="GetDataTable method executed">Method Name: GetDataTable
Duration: 2 ms
User Id: 
SQL Command: SELECT * FROM OSUSERS WHERE ID=#ID
ID=workflow
</Log><Log id="" logtype="None" datetime="00:37" user="" logname="GetScalarValue method executed">Method Name: GetScalarValue
Duration: 1 ms
User Id: 
SQL Command: SELECT PVALUE FROM OSPROPERTYVALUES WHERE OSID=#OSID AND ID=#ID AND PNAME=#PNAME
OSID=1
ID=workflow
PNAME=Language
</Log><Log id="" logtype="None" datetime="00:52" user="" logname="GetDataTable method executed">Method Name: GetDataTable
Duration: 2 ms
User Id: 
SQL Command: SELECT * FROM OSUSERS WHERE ID=#ID
ID=workflow
</Log><Log id="" logtype="None" datetime="00:52" user="" logname="GetScalarValue method executed">Method Name: GetScalarValue
Duration: 1 ms
User Id: 
SQL Command: SELECT PVALUE FROM OSPROPERTYVALUES WHERE OSID=#OSID AND ID=#ID AND PNAME=#PNAME
OSID=1
ID=workflow
PNAME=Language
</Log><Log id="" logtype="None" datetime="01:15" user="" logname="GetDataTable method executed">Method Name: GetDataTable
Duration: 1 ms
User Id: 
SQL Command: SELECT * FROM OSUSERS WHERE ID=#ID
ID=workflow
</Log><Log id="" logtype="None" datetime="01:15" user="" logname="GetScalarValue method executed">Method Name: GetScalarValue
Duration: 0 ms
User Id: 
SQL Command: SELECT PVALUE FROM OSPROPERTYVALUES WHERE OSID=#OSID AND ID=#ID AND PNAME=#PNAME
OSID=1
ID=workflow
PNAME=Language
</Log><Log id="" logtype="None" datetime="01:30" user="" logname="GetDataTable method executed">Method Name: GetDataTable
Duration: 2 ms
User Id: 
SQL Command: SELECT * FROM OSUSERS WHERE ID=#ID
ID=workflow
</Log><Log id="" logtype="None" datetime="01:30" user="" logname="GetScalarValue method executed">Method Name: GetScalarValue
Duration: 1 ms
User Id: 
SQL Command: SELECT PVALUE FROM OSPROPERTYVALUES WHERE OSID=#OSID AND ID=#ID AND PNAME=#PNAME
OSID=1
ID=workflow
PNAME=Language
</Log><Log id="" logtype="None" datetime="01:57" user="" logname="GetDataTable method executed">Method Name: GetDataTable
Duration: 2 ms
User Id: 
SQL Command: SELECT * FROM OSUSERS WHERE ID=#ID
ID=workflow
</Log><Log id="" logtype="None" datetime="01:57" user="" logname="GetScalarValue method executed">Method Name: GetScalarValue
Duration: 1 ms
User Id: 
SQL Command: SELECT PVALUE FROM OSPROPERTYVALUES WHERE OSID=#OSID AND ID=#ID AND PNAME=#PNAME
OSID=1
ID=workflow
PNAME=Language
</Log><Log id="" logtype="None" datetime="02:00" user="" logname="GetDataTable method executed">Method Name: GetDataTable
Duration: 2 ms
User Id: 
SQL Command: SELECT * FROM OSUSERS WHERE ID=#ID
ID=workflow
</Log><Log id="" logtype="None" datetime="02:00" user="" logname="GetScalarValue method executed">Method Name: GetScalarValue
Duration: 0 ms
User Id: 
SQL Command: SELECT PVALUE FROM OSPROPERTYVALUES WHERE OSID=#OSID AND ID=#ID AND PNAME=#PNAME
OSID=1
ID=workflow
PNAME=Language
</Log><Log id="" logtype="None" datetime="02:35" user="" logname="GetDataTable method executed">Method Name: GetDataTable
Duration: 2 ms
User Id: 
SQL Command: SELECT * FROM OSUSERS WHERE ID=#ID
ID=workflow
</Log><Log id="" logtype="None" datetime="02:35" user="" logname="GetScalarValue method executed">Method Name: GetScalarValue
Duration: 0 ms
User Id: 
SQL Command: SELECT PVALUE FROM OSPROPERTYVALUES WHERE OSID=#OSID AND ID=#ID AND PNAME=#PNAME
OSID=1
ID=workflow
PNAME=Language
</Log><Log id="" logtype="None" datetime="02:58" user="" logname="GetDataTable method executed">Method Name: GetDataTable
Duration: 1 ms
User Id: 
SQL Command: SELECT * FROM OSUSERS WHERE ID=#ID
ID=workflow
</Log><Log id="" logtype="None" datetime="02:58" user="" logname="GetScalarValue method executed">Method Name: GetScalarValue
Duration: 0 ms
User Id: 
SQL Command: SELECT PVALUE FROM OSPROPERTYVALUES WHERE OSID=#OSID AND ID=#ID AND PNAME=#PNAME
OSID=1
ID=workflow
PNAME=Language
</Log><Log id="" logtype="None" datetime="03:18" user="" logname="GetDataTable method executed">Method Name: GetDataTable
Duration: 2 ms
User Id: 
SQL Command: SELECT * FROM OSUSERS WHERE ID=#ID
ID=workflow
</Log><Log id="" logtype="None" datetime="03:18" user="" logname="GetScalarValue method executed">Method Name: GetScalarValue
Duration: 0 ms
User Id: 
SQL Command: SELECT PVALUE FROM OSPROPERTYVALUES WHERE OSID=#OSID AND ID=#ID AND PNAME=#PNAME
OSID=1
ID=workflow
PNAME=Language
</Log><Log id="" logtype="None" datetime="03:24" user="" logname="GetDataTable method executed">Method Name: GetDataTable
Duration: 2 ms
User Id: 
SQL Command: SELECT * FROM OSUSERS WHERE ID=#ID
ID=workflow
</Log><Log id="" logtype="None" datetime="03:24" user="" logname="GetScalarValue method executed">Method Name: GetScalarValue
Duration: 1 ms
User Id: 
SQL Command: SELECT PVALUE FROM OSPROPERTYVALUES WHERE OSID=#OSID AND ID=#ID AND PNAME=#PNAME
OSID=1
ID=workflow
PNAME=Language
</Log><Log id="" logtype="None" datetime="03:58" user="" logname="GetDataTable method executed">Method Name: GetDataTable
Duration: 2 ms
User Id: 
SQL Command: SELECT * FROM OSUSERS WHERE ID=#ID
ID=workflow
</Log><Log id="" logtype="None" datetime="03:58" user="" logname="GetScalarValue method executed">Method Name: GetScalarValue
Duration: 1 ms
User Id: 
SQL Command: SELECT PVALUE FROM OSPROPERTYVALUES WHERE OSID=#OSID AND ID=#ID AND PNAME=#PNAME
OSID=1
ID=workflow
PNAME=Language
</Log><Log id="" logtype="None" datetime="04:25" user="" logname="GetDataTable method executed">Method Name: GetDataTable
Duration: 2 ms
User Id: 
SQL Command: SELECT * FROM OSUSERS WHERE ID=#ID
ID=workflow
</Log><Log id="" logtype="None" datetime="04:25" user="" logname="GetScalarValue method executed">Method Name: GetScalarValue
Duration: 0 ms
User Id: 
SQL Command: SELECT PVALUE FROM OSPROPERTYVALUES WHERE OSID=#OSID AND ID=#ID AND PNAME=#PNAME
OSID=1
ID=workflow
PNAME=Language
</Log><Log id="" logtype="None" datetime="04:38" user="" logname="GetDataTable method executed">Method Name: GetDataTable
Duration: 2 ms
User Id: 
SQL Command: SELECT * FROM OSUSERS WHERE ID=#ID
ID=workflow
</Log><Log id="" logtype="None" datetime="04:38" user="" logname="GetScalarValue method executed">Method Name: GetScalarValue
Duration: 1 ms
User Id: 
SQL Command: SELECT PVALUE FROM OSPROPERTYVALUES WHERE OSID=#OSID AND ID=#ID AND PNAME=#PNAME
OSID=1
ID=workflow
PNAME=Language
</Log><Log id="" logtype="None" datetime="04:49" user="" logname="GetDataTable method executed">Method Name: GetDataTable
Duration: 2 ms
User Id: 
SQL Command: SELECT * FROM OSUSERS WHERE ID=#ID
ID=workflow
</Log><Log id="" logtype="None" datetime="04:49" user="" logname="GetScalarValue method executed">Method Name: GetScalarValue
Duration: 0 ms
User Id: 
SQL Command: SELECT PVALUE FROM OSPROPERTYVALUES WHERE OSID=#OSID AND ID=#ID AND PNAME=#PNAME
OSID=1
ID=workflow
PNAME=Language
</Log><Log id="" logtype="None" datetime="05:19" user="" logname="GetDataTable method executed">Method Name: GetDataTable
Duration: 1 ms
User Id: 
SQL Command: SELECT * FROM OSUSERS WHERE ID=#ID
ID=workflow
</Log><Log id="" logtype="None" datetime="05:19" user="" logname="GetScalarValue method executed">Method Name: GetScalarValue
Duration: 0 ms
User Id: 
SQL Command: SELECT PVALUE FROM OSPROPERTYVALUES WHERE OSID=#OSID AND ID=#ID AND PNAME=#PNAME
OSID=1
ID=workflow
PNAME=Language
</Log><Log id="" logtype="None" datetime="05:50" user="" logname="GetDataTable method executed">Method Name: GetDataTable
Duration: 2 ms
User Id: 
SQL Command: SELECT * FROM OSUSERS WHERE ID=#ID
ID=workflow
</Log><Log id="" logtype="None" datetime="05:50" user="" logname="GetScalarValue method executed">Method Name: GetScalarValue
Duration: 0 ms
User Id: 
SQL Command: SELECT PVALUE FROM OSPROPERTYVALUES WHERE OSID=#OSID AND ID=#ID AND PNAME=#PNAME
OSID=1
ID=workflow
PNAME=Language
</Log><Log id="" logtype="None" datetime="05:57" user="" logname="GetDataTable method executed">Method Name: GetDataTable
Duration: 1 ms
User Id: 
SQL Command: SELECT * FROM OSUSERS WHERE ID=#ID
ID=workflow
</Log><Log id="" logtype="None" datetime="05:57" user="" logname="GetScalarValue method executed">Method Name: GetScalarValue
Duration: 0 ms
User Id: 
SQL Command: SELECT PVALUE FROM OSPROPERTYVALUES WHERE OSID=#OSID AND ID=#ID AND PNAME=#PNAME
OSID=1
ID=workflow
PNAME=Language
</Log><Log id="" logtype="None" datetime="06:02" user="" logname="GetDataTable method executed">Method Name: GetDataTable
Duration: 1 ms
User Id: 
SQL Command: SELECT * FROM OSUSERS WHERE ID=#ID
ID=workflow
</Log><Log id="" logtype="None" datetime="06:02" user="" logname="GetScalarValue method executed">Method Name: GetScalarValue
Duration: 0 ms
User Id: 
SQL Command: SELECT PVALUE FROM OSPROPERTYVALUES WHERE OSID=#OSID AND ID=#ID AND PNAME=#PNAME
OSID=1
ID=workflow
PNAME=Language
</Log><Log id="" logtype="None" datetime="06:15" user="" logname="GetDataTable method executed">Method Name: GetDataTable
Duration: 2 ms
User Id: 
SQL Command: SELECT * FROM OSUSERS WHERE ID=#ID
ID=workflow
</Log><Log id="" logtype="None" datetime="06:15" user="" logname="GetScalarValue method executed">Method Name: GetScalarValue
Duration: 0 ms
User Id: 
SQL Command: SELECT PVALUE FROM OSPROPERTYVALUES WHERE OSID=#OSID AND ID=#ID AND PNAME=#PNAME
OSID=1
ID=workflow
PNAME=Language
</Log><Log id="" logtype="None" datetime="06:39" user="" logname="GetDataTable method executed">Method Name: GetDataTable
Duration: 1 ms
User Id: 
SQL Command: SELECT * FROM OSUSERS WHERE ID=#ID
ID=workflow
</Log><Log id="" logtype="None" datetime="06:39" user="" logname="GetScalarValue method executed">Method Name: GetScalarValue
Duration: 0 ms
User Id: 
SQL Command: SELECT PVALUE FROM OSPROPERTYVALUES WHERE OSID=#OSID AND ID=#ID AND PNAME=#PNAME
OSID=1
ID=workflow
PNAME=Language
</Log><Log id="" logtype="None" datetime="07:16" user="" logname="GetDataTable method executed">Method Name: GetDataTable
Duration: 2 ms
User Id: 
SQL Command: SELECT * FROM OSUSERS WHERE ID=#ID
ID=workflow
</Log><Log id="" logtype="None" datetime="07:16" user="" logname="GetScalarValue method executed">Method Name: GetScalarValue
Duration: 0 ms
User Id: 
SQL Command: SELECT PVALUE FROM OSPROPERTYVALUES WHERE OSID=#OSID AND ID=#ID AND PNAME=#PNAME
OSID=1
ID=workflow
PNAME=Language
</Log><Log id="" logtype="None" datetime="07:17" user="" logname="GetDataTable method executed">Method Name: GetDataTable
Duration: 1 ms
User Id: 
SQL Command: SELECT * FROM OSUSERS WHERE ID=#ID
ID=workflow
</Log><Log id="" logtype="None" datetime="07:17" user="" logname="GetScalarValue method executed">Method Name: GetScalarValue
Duration: 0 ms
User Id: 
SQL Command: SELECT PVALUE FROM OSPROPERTYVALUES WHERE OSID=#OSID AND ID=#ID AND PNAME=#PNAME
OSID=1
ID=workflow
PNAME=Language
</Log><Log id="" logtype="None" datetime="07:39" user="" logname="GetDataTable method executed">Method Name: GetDataTable
Duration: 1 ms
User Id: 
SQL Command: SELECT * FROM OSUSERS WHERE ID=#ID
ID=workflow
</Log><Log id="" logtype="None" datetime="07:39" user="" logname="GetScalarValue method executed">Method Name: GetScalarValue
Duration: 0 ms
User Id: 
SQL Command: SELECT PVALUE FROM OSPROPERTYVALUES WHERE OSID=#OSID AND ID=#ID AND PNAME=#PNAME
OSID=1
ID=workflow
PNAME=Language
</Log><Log id="" logtype="None" datetime="07:58" user="" logname="GetDataTable method executed">Method Name: GetDataTable
Duration: 2 ms
User Id: 
SQL Command: SELECT * FROM OSUSERS WHERE ID=#ID
ID=workflow
</Log><Log id="" logtype="None" datetime="07:58" user="" logname="GetScalarValue method executed">Method Name: GetScalarValue
Duration: 0 ms
User Id: 
SQL Command: SELECT PVALUE FROM OSPROPERTYVALUES WHERE OSID=#OSID AND ID=#ID AND PNAME=#PNAME
OSID=1
ID=workflow
PNAME=Language
</Log><Log id="" logtype="None" datetime="08:36" user="" logname="GetDataTable method executed">Method Name: GetDataTable
Duration: 1 ms
User Id: 
SQL Command: SELECT * FROM OSUSERS WHERE ID=#ID
ID=workflow
</Log><Log id="" logtype="None" datetime="08:36" user="" logname="GetScalarValue method executed">Method Name: GetScalarValue
Duration: 0 ms
User Id: 
SQL Command: SELECT PVALUE FROM OSPROPERTYVALUES WHERE OSID=#OSID AND ID=#ID AND PNAME=#PNAME
OSID=1
ID=workflow
PNAME=Language
</Log><Log id="" logtype="None" datetime="08:42" user="" logname="GetDataTable method executed">Method Name: GetDataTable
Duration: 1 ms
User Id: 
SQL Command: SELECT * FROM OSUSERS WHERE ID=#ID
ID=workflow
</Log><Log id="" logtype="None" datetime="08:42" user="" logname="GetScalarValue method executed">Method Name: GetScalarValue
Duration: 0 ms
User Id: 
SQL Command: SELECT PVALUE FROM OSPROPERTYVALUES WHERE OSID=#OSID AND ID=#ID AND PNAME=#PNAME
OSID=1
ID=workflow
PNAME=Language
</Log><Log id="" logtype="None" datetime="09:03" user="" logname="GetDataTable method executed">Method Name: GetDataTable
Duration: 2 ms
User Id: 
SQL Command: SELECT * FROM OSUSERS WHERE ID=#ID
ID=workflow
</Log><Log id="" logtype="None" datetime="09:03" user="" logname="GetScalarValue method executed">Method Name: GetScalarValue
Duration: 1 ms
User Id: 
SQL Command: SELECT PVALUE FROM OSPROPERTYVALUES WHERE OSID=#OSID AND ID=#ID AND PNAME=#PNAME
OSID=1
ID=workflow
PNAME=Language
</Log><Log id="" logtype="None" datetime="09:18" user="" logname="GetDataTable method executed">Method Name: GetDataTable
Duration: 2 ms
User Id: 
SQL Command: SELECT * FROM OSUSERS WHERE ID=#ID
ID=workflow
</Log><Log id="" logtype="None" datetime="09:18" user="" logname="GetScalarValue method executed">Method Name: GetScalarValue
Duration: 0 ms
User Id: 
SQL Command: SELECT PVALUE FROM OSPROPERTYVALUES WHERE OSID=#OSID AND ID=#ID AND PNAME=#PNAME
OSID=1
ID=workflow
PNAME=Language
</Log><Log id="" logtype="None" datetime="09:55" user="" logname="GetDataTable method executed">Method Name: GetDataTable
Duration: 3 ms
User Id: 
SQL Command: SELECT * FROM OSUSERS WHERE ID=#ID
ID=workflow
</Log><Log id="" logtype="None" datetime="09:55" user="" logname="GetScalarValue method executed">Method Name: GetScalarValue
Duration: 1 ms
User Id: 
SQL Command: SELECT PVALUE FROM OSPROPERTYVALUES WHERE OSID=#OSID AND ID=#ID AND PNAME=#PNAME
OSID=1
ID=workflow
PNAME=Language
</Log><Log id="" logtype="None" datetime="10:08" user="" logname="GetDataTable method executed">Method Name: GetDataTable
Duration: 1 ms
User Id: 
SQL Command: SELECT * FROM OSUSERS WHERE ID=#ID
ID=workflow
</Log><Log id="" logtype="None" datetime="10:08" user="" logname="GetScalarValue method executed">Method Name: GetScalarValue
Duration: 0 ms
User Id: 
SQL Command: SELECT PVALUE FROM OSPROPERTYVALUES WHERE OSID=#OSID AND ID=#ID AND PNAME=#PNAME
OSID=1
ID=workflow
PNAME=Language
</Log><Log id="" logtype="None" datetime="10:27" user="" logname="GetDataTable method executed">Method Name: GetDataTable
Duration: 2 ms
User Id: 
SQL Command: SELECT * FROM OSUSERS WHERE ID=#ID
ID=workflow
</Log><Log id="" logtype="None" datetime="10:27" user="" logname="GetScalarValue method executed">Method Name: GetScalarValue
Duration: 0 ms
User Id: 
SQL Command: SELECT PVALUE FROM OSPROPERTYVALUES WHERE OSID=#OSID AND ID=#ID AND PNAME=#PNAME
OSID=1
ID=workflow
PNAME=Language
</Log><Log id="" logtype="None" datetime="10:38" user="" logname="GetDataTable method executed">Method Name: GetDataTable
Duration: 2 ms
User Id: 
SQL Command: SELECT * FROM OSUSERS WHERE ID=#ID
ID=workflow
</Log><Log id="" logtype="None" datetime="10:38" user="" logname="GetScalarValue method executed">Method Name: GetScalarValue
Duration: 0 ms
User Id: 
SQL Command: SELECT PVALUE FROM OSPROPERTYVALUES WHERE OSID=#OSID AND ID=#ID AND PNAME=#PNAME
OSID=1
ID=workflow
PNAME=Language
</Log><Log id="" logtype="None" datetime="11:13" user="" logname="GetDataTable method executed">Method Name: GetDataTable
Duration: 2 ms
User Id: 
SQL Command: SELECT * FROM OSUSERS WHERE ID=#ID
ID=workflow
</Log><Log id="" logtype="None" datetime="11:13" user="" logname="GetScalarValue method executed">Method Name: GetScalarValue
Duration: 0 ms
User Id: 
SQL Command: SELECT PVALUE FROM OSPROPERTYVALUES WHERE OSID=#OSID AND ID=#ID AND PNAME=#PNAME
OSID=1
ID=workflow
PNAME=Language
</Log><Log id="" logtype="None" datetime="11:16" user="" logname="GetDataTable method executed">Method Name: GetDataTable
Duration: 2 ms
User Id: 
SQL Command: SELECT * FROM OSUSERS WHERE ID=#ID
ID=workflow
</Log><Log id="" logtype="None" datetime="11:16" user="" logname="GetScalarValue method executed">Method Name: GetScalarValue
Duration: 1 ms
User Id: 
SQL Command: SELECT PVALUE FROM OSPROPERTYVALUES WHERE OSID=#OSID AND ID=#ID AND PNAME=#PNAME
OSID=1
ID=workflow
PNAME=Language
</Log><Log id="" logtype="None" datetime="11:33" user="" logname="GetDataTable method executed">Method Name: GetDataTable
Duration: 1 ms
User Id: 
SQL Command: SELECT * FROM OSUSERS WHERE ID=#ID
ID=workflow
</Log><Log id="" logtype="None" datetime="11:33" user="" logname="GetScalarValue method executed">Method Name: GetScalarValue
Duration: 0 ms
User Id: 
SQL Command: SELECT PVALUE FROM OSPROPERTYVALUES WHERE OSID=#OSID AND ID=#ID AND PNAME=#PNAME
OSID=1
ID=workflow
PNAME=Language
</Log><Log id="" logtype="None" datetime="11:51" user="" logname="GetDataTable method executed">Method Name: GetDataTable
Duration: 1 ms
User Id: 
SQL Command: SELECT * FROM OSUSERS WHERE ID=#ID
ID=workflow
</Log><Log id="" logtype="None" datetime="11:51" user="" logname="GetScalarValue method executed">Method Name: GetScalarValue
Duration: 0 ms
User Id: 
SQL Command: SELECT PVALUE FROM OSPROPERTYVALUES WHERE OSID=#OSID AND ID=#ID AND PNAME=#PNAME
OSID=1
ID=workflow
PNAME=Language
</Log><Log id="" logtype="None" datetime="11:58" user="" logname="GetDataTable method executed">Method Name: GetDataTable
Duration: 2 ms
User Id: 
SQL Command: SELECT * FROM OSUSERS WHERE ID=#ID
ID=workflow
</Log><Log id="" logtype="None" datetime="11:58" user="" logname="GetScalarValue method executed">Method Name: GetScalarValue
Duration: 0 ms
User Id: 
SQL Command: SELECT PVALUE FROM OSPROPERTYVALUES WHERE OSID=#OSID AND ID=#ID AND PNAME=#PNAME
OSID=1
ID=workflow
PNAME=Language
</Log><Log id="" logtype="None" datetime="12:36" user="" logname="GetDataTable method executed">Method Name: GetDataTable
Duration: 2 ms
User Id: 
SQL Command: SELECT * FROM OSUSERS WHERE ID=#ID
ID=workflow
</Log><Log id="" logtype="None" datetime="12:36" user="" logname="GetScalarValue method executed">Method Name: GetScalarValue
Duration: 0 ms
User Id: 
SQL Command: SELECT PVALUE FROM OSPROPERTYVALUES WHERE OSID=#OSID AND ID=#ID AND PNAME=#PNAME
OSID=1
ID=workflow
PNAME=Language
</Log><Log id="" logtype="None" datetime="12:59" user="" logname="GetDataTable method executed">Method Name: GetDataTable
Duration: 1 ms
User Id: 
SQL Command: SELECT * FROM OSUSERS WHERE ID=#ID
ID=workflow
</Log><Log id="" logtype="None" datetime="12:59" user="" logname="GetScalarValue method executed">Method Name: GetScalarValue
Duration: 0 ms
User Id: 
SQL Command: SELECT PVALUE FROM OSPROPERTYVALUES WHERE OSID=#OSID AND ID=#ID AND PNAME=#PNAME
OSID=1
ID=workflow
PNAME=Language
</Log><Log id="" logtype="None" datetime="13:16" user="" logname="GetDataTable method executed">Method Name: GetDataTable
Duration: 1 ms
User Id: 
SQL Command: SELECT * FROM OSUSERS WHERE ID=#ID
ID=workflow
</Log><Log id="" logtype="None" datetime="13:16" user="" logname="GetScalarValue method executed">Method Name: GetScalarValue
Duration: 0 ms
User Id: 
SQL Command: SELECT PVALUE FROM OSPROPERTYVALUES WHERE OSID=#OSID AND ID=#ID AND PNAME=#PNAME
OSID=1
ID=workflow
PNAME=Language
</Log><Log id="" logtype="None" datetime="13:17" user="" logname="GetDataTable method executed">Method Name: GetDataTable
Duration: 2 ms
User Id: 
SQL Command: SELECT * FROM OSUSERS WHERE ID=#ID
ID=workflow
</Log><Log id="" logtype="None" datetime="13:17" user="" logname="GetScalarValue method executed">Method Name: GetScalarValue
Duration: 0 ms
User Id: 
SQL Command: SELECT PVALUE FROM OSPROPERTYVALUES WHERE OSID=#OSID AND ID=#ID AND PNAME=#PNAME
OSID=1
ID=workflow
PNAME=Language
</Log><Log id="" logtype="None" datetime="13:56" user="" logname="GetDataTable method executed">Method Name: GetDataTable
Duration: 2 ms
User Id: 
SQL Command: SELECT * FROM OSUSERS WHERE ID=#ID
ID=workflow
</Log><Log id="" logtype="None" datetime="13:56" user="" logname="GetScalarValue method executed">Method Name: GetScalarValue
Duration: 0 ms
User Id: 
SQL Command: SELECT PVALUE FROM OSPROPERTYVALUES WHERE OSID=#OSID AND ID=#ID AND PNAME=#PNAME
OSID=1
ID=workflow
PNAME=Language
</Log><Log id="" logtype="None" datetime="14:23" user="" logname="GetDataTable method executed">Method Name: GetDataTable
Duration: 1 ms
User Id: 
SQL Command: SELECT * FROM OSUSERS WHERE ID=#ID
ID=workflow
</Log><Log id="" logtype="None" datetime="14:23" user="" logname="GetScalarValue method executed">Method Name: GetScalarValue
Duration: 0 ms
User Id: 
SQL Command: SELECT PVALUE FROM OSPROPERTYVALUES WHERE OSID=#OSID AND ID=#ID AND PNAME=#PNAME
OSID=1
ID=workflow
PNAME=Language
</Log><Log id="" logtype="None" datetime="14:36" user="" logname="GetDataTable method executed">Method Name: GetDataTable
Duration: 1 ms
User Id: 
SQL Command: SELECT * FROM OSUSERS WHERE ID=#ID
ID=workflow
</Log><Log id="" logtype="None" datetime="14:36" user="" logname="GetScalarValue method executed">Method Name: GetScalarValue
Duration: 0 ms
User Id: 
SQL Command: SELECT PVALUE FROM OSPROPERTYVALUES WHERE OSID=#OSID AND ID=#ID AND PNAME=#PNAME
OSID=1
ID=workflow
PNAME=Language
</Log><Log id="" logtype="None" datetime="14:41" user="" logname="GetDataTable method executed">Method Name: GetDataTable
Duration: 2 ms
User Id: 
SQL Command: SELECT * FROM OSUSERS WHERE ID=#ID
ID=workflow
</Log><Log id="" logtype="None" datetime="14:41" user="" logname="GetScalarValue method executed">Method Name: GetScalarValue
Duration: 1 ms
User Id: 
SQL Command: SELECT PVALUE FROM OSPROPERTYVALUES WHERE OSID=#OSID AND ID=#ID AND PNAME=#PNAME
OSID=1
ID=workflow
PNAME=Language
</Log><Log id="" logtype="None" datetime="15:16" user="" logname="GetDataTable method executed">Method Name: GetDataTable
Duration: 1 ms
User Id: 
SQL Command: SELECT * FROM OSUSERS WHERE ID=#ID
ID=workflow
</Log><Log id="" logtype="None" datetime="15:16" user="" logname="GetScalarValue method executed">Method Name: GetScalarValue
Duration: 0 ms
User Id: 
SQL Command: SELECT PVALUE FROM OSPROPERTYVALUES WHERE OSID=#OSID AND ID=#ID AND PNAME=#PNAME
OSID=1
ID=workflow
PNAME=Language
</Log><Log id="" logtype="None" datetime="15:48" user="" logname="GetDataTable method executed">Method Name: GetDataTable
Duration: 1 ms
User Id: 
SQL Command: SELECT * FROM OSUSERS WHERE ID=#ID
ID=workflow
</Log><Log id="" logtype="None" datetime="15:48" user="" logname="GetScalarValue method executed">Method Name: GetScalarValue
Duration: 0 ms
User Id: 
SQL Command: SELECT PVALUE FROM OSPROPERTYVALUES WHERE OSID=#OSID AND ID=#ID AND PNAME=#PNAME
OSID=1
ID=workflow
PNAME=Language
</Log><Log id="" logtype="None" datetime="15:56" user="" logname="GetDataTable method executed">Method Name: GetDataTable
Duration: 2 ms
User Id: 
SQL Command: SELECT * FROM OSUSERS WHERE ID=#ID
ID=workflow
</Log><Log id="" logtype="None" datetime="15:56" user="" logname="GetScalarValue method executed">Method Name: GetScalarValue
Duration: 1 ms
User Id: 
SQL Command: SELECT PVALUE FROM OSPROPERTYVALUES WHERE OSID=#OSID AND ID=#ID AND PNAME=#PNAME
OSID=1
ID=workflow
PNAME=Language
</Log><Log id="" logtype="None" datetime="16:06" user="" logname="GetDataTable method executed">Method Name: GetDataTable
Duration: 3 ms
User Id: 
SQL Command: SELECT * FROM OSUSERS WHERE ID=#ID
ID=workflow
</Log><Log id="" logtype="None" datetime="16:06" user="" logname="GetScalarValue method executed">Method Name: GetScalarValue
Duration: 1 ms
User Id: 
SQL Command: SELECT PVALUE FROM OSPROPERTYVALUES WHERE OSID=#OSID AND ID=#ID AND PNAME=#PNAME
OSID=1
ID=workflow
PNAME=Language
</Log><Log id="" logtype="None" datetime="16:23" user="" logname="GetDataTable method executed">Method Name: GetDataTable
Duration: 2 ms
User Id: 
SQL Command: SELECT * FROM OSUSERS WHERE ID=#ID
ID=workflow
</Log><Log id="" logtype="None" datetime="16:23" user="" logname="GetScalarValue method executed">Method Name: GetScalarValue
Duration: 0 ms
User Id: 
SQL Command: SELECT PVALUE FROM OSPROPERTYVALUES WHERE OSID=#OSID AND ID=#ID AND PNAME=#PNAME
OSID=1
ID=workflow
PNAME=Language
</Log><Log id="" logtype="None" datetime="16:34" user="" logname="GetDataTable method executed">Method Name: GetDataTable
Duration: 1 ms
User Id: 
SQL Command: SELECT * FROM OSUSERS WHERE ID=#ID
ID=workflow
</Log><Log id="" logtype="None" datetime="16:34" user="" logname="GetScalarValue method executed">Method Name: GetScalarValue
Duration: 0 ms
User Id: 
SQL Command: SELECT PVALUE FROM OSPROPERTYVALUES WHERE OSID=#OSID AND ID=#ID AND PNAME=#PNAME
OSID=1
ID=workflow
PNAME=Language
</Log><Log id="" logtype="None" datetime="17:13" user="" logname="GetDataTable method executed">Method Name: GetDataTable
Duration: 1 ms
User Id: 
SQL Command: SELECT * FROM OSUSERS WHERE ID=#ID
ID=workflow
</Log><Log id="" logtype="None" datetime="17:13" user="" logname="GetScalarValue method executed">Method Name: GetScalarValue
Duration: 0 ms
User Id: 
SQL Command: SELECT PVALUE FROM OSPROPERTYVALUES WHERE OSID=#OSID AND ID=#ID AND PNAME=#PNAME
OSID=1
ID=workflow
PNAME=Language
</Log><Log id="" logtype="None" datetime="17:15" user="" logname="GetDataTable method executed">Method Name: GetDataTable
Duration: 1 ms
User Id: 
SQL Command: SELECT * FROM OSUSERS WHERE ID=#ID
ID=workflow
</Log><Log id="" logtype="None" datetime="17:15" user="" logname="GetScalarValue method executed">Method Name: GetScalarValue
Duration: 0 ms
User Id: 
SQL Command: SELECT PVALUE FROM OSPROPERTYVALUES WHERE OSID=#OSID AND ID=#ID AND PNAME=#PNAME
OSID=1
ID=workflow
PNAME=Language
</Log><Log id="" logtype="None" datetime="17:30" user="" logname="GetDataTable method executed">Method Name: GetDataTable
Duration: 1 ms
User Id: 
SQL Command: SELECT * FROM OSUSERS WHERE ID=#ID
ID=workflow
</Log><Log id="" logtype="None" datetime="17:30" user="" logname="GetScalarValue method executed">Method Name: GetScalarValue
Duration: 0 ms
User Id: 
SQL Command: SELECT PVALUE FROM OSPROPERTYVALUES WHERE OSID=#OSID AND ID=#ID AND PNAME=#PNAME
OSID=1
ID=workflow
PNAME=Language
</Log><Log id="" logtype="None" datetime="17:53" user="" logname="GetDataTable method executed">Method Name: GetDataTable
Duration: 1 ms
User Id: 
SQL Command: SELECT * FROM OSUSERS WHERE ID=#ID
ID=workflow
</Log><Log id="" logtype="None" datetime="17:53" user="" logname="GetScalarValue method executed">Method Name: GetScalarValue
Duration: 0 ms
User Id: 
SQL Command: SELECT PVALUE FROM OSPROPERTYVALUES WHERE OSID=#OSID AND ID=#ID AND PNAME=#PNAME
OSID=1
ID=workflow
PNAME=Language
</Log><Log id="" logtype="None" datetime="18:34" user="" logname="GetDataTable method executed">Method Name: GetDataTable
Duration: 1 ms
User Id: 
SQL Command: SELECT * FROM OSUSERS WHERE ID=#ID
ID=workflow
</Log><Log id="" logtype="None" datetime="18:34" user="" logname="GetScalarValue method executed">Method Name: GetScalarValue
Duration: 0 ms
User Id: 
SQL Command: SELECT PVALUE FROM OSPROPERTYVALUES WHERE OSID=#OSID AND ID=#ID AND PNAME=#PNAME
OSID=1
ID=workflow
PNAME=Language
</Log><Log id="" logtype="None" datetime="18:39" user="" logname="GetDataTable method executed">Method Name: GetDataTable
Duration: 1 ms
User Id: 
SQL Command: SELECT * FROM OSUSERS WHERE ID=#ID
ID=workflow
</Log><Log id="" logtype="None" datetime="18:39" user="" logname="GetScalarValue method executed">Method Name: GetScalarValue
Duration: 0 ms
User Id: 
SQL Command: SELECT PVALUE FROM OSPROPERTYVALUES WHERE OSID=#OSID AND ID=#ID AND PNAME=#PNAME
OSID=1
ID=workflow
PNAME=Language
</Log><Log id="" logtype="None" datetime="18:55" user="" logname="GetDataTable method executed">Method Name: GetDataTable
Duration: 1 ms
User Id: 
SQL Command: SELECT * FROM OSUSERS WHERE ID=#ID
ID=workflow
</Log><Log id="" logtype="None" datetime="18:55" user="" logname="GetScalarValue method executed">Method Name: GetScalarValue
Duration: 0 ms
User Id: 
SQL Command: SELECT PVALUE FROM OSPROPERTYVALUES WHERE OSID=#OSID AND ID=#ID AND PNAME=#PNAME
OSID=1
ID=workflow
PNAME=Language
</Log><Log id="" logtype="None" datetime="19:13" user="" logname="GetDataTable method executed">Method Name: GetDataTable
Duration: 2 ms
User Id: 
SQL Command: SELECT * FROM OSUSERS WHERE ID=#ID
ID=workflow
</Log><Log id="" logtype="None" datetime="19:13" user="" logname="GetScalarValue method executed">Method Name: GetScalarValue
Duration: 0 ms
User Id: 
SQL Command: SELECT PVALUE FROM OSPROPERTYVALUES WHERE OSID=#OSID AND ID=#ID AND PNAME=#PNAME
OSID=1
ID=workflow
PNAME=Language
</Log><Log id="" logtype="None" datetime="19:53" user="" logname="GetDataTable method executed">Method Name: GetDataTable
Duration: 4 ms
User Id: 
SQL Command: SELECT * FROM OSUSERS WHERE ID=#ID
ID=workflow
</Log><Log id="" logtype="None" datetime="19:53" user="" logname="GetScalarValue method executed">Method Name: GetScalarValue
Duration: 1 ms
User Id: 
SQL Command: SELECT PVALUE FROM OSPROPERTYVALUES WHERE OSID=#OSID AND ID=#ID AND PNAME=#PNAME
OSID=1
ID=workflow
PNAME=Language
</Log><Log id="" logtype="None" datetime="20:05" user="" logname="GetDataTable method executed">Method Name: GetDataTable
Duration: 2 ms
User Id: 
SQL Command: SELECT * FROM OSUSERS WHERE ID=#ID
ID=workflow
</Log><Log id="" logtype="None" datetime="20:05" user="" logname="GetScalarValue method executed">Method Name: GetScalarValue
Duration: 1 ms
User Id: 
SQL Command: SELECT PVALUE FROM OSPROPERTYVALUES WHERE OSID=#OSID AND ID=#ID AND PNAME=#PNAME
OSID=1
ID=workflow
PNAME=Language
</Log><Log id="" logtype="None" datetime="20:19" user="" logname="GetDataTable method executed">Method Name: GetDataTable
Duration: 1 ms
User Id: 
SQL Command: SELECT * FROM OSUSERS WHERE ID=#ID
ID=workflow
</Log><Log id="" logtype="None" datetime="20:19" user="" logname="GetScalarValue method executed">Method Name: GetScalarValue
Duration: 0 ms
User Id: 
SQL Command: SELECT PVALUE FROM OSPROPERTYVALUES WHERE OSID=#OSID AND ID=#ID AND PNAME=#PNAME
OSID=1
ID=workflow
PNAME=Language
</Log><Log id="" logtype="None" datetime="20:33" user="" logname="GetDataTable method executed">Method Name: GetDataTable
Duration: 1 ms
User Id: 
SQL Command: SELECT * FROM OSUSERS WHERE ID=#ID
ID=workflow
</Log><Log id="" logtype="None" datetime="20:33" user="" logname="GetScalarValue method executed">Method Name: GetScalarValue
Duration: 0 ms
User Id: 
SQL Command: SELECT PVALUE FROM OSPROPERTYVALUES WHERE OSID=#OSID AND ID=#ID AND PNAME=#PNAME
OSID=1
ID=workflow
PNAME=Language
</Log><Log id="" logtype="None" datetime="21:12" user="" logname="GetDataTable method executed">Method Name: GetDataTable
Duration: 2 ms
User Id: 
SQL Command: SELECT * FROM OSUSERS WHERE ID=#ID
ID=workflow
</Log><Log id="" logtype="None" datetime="21:12" user="" logname="GetScalarValue method executed">Method Name: GetScalarValue
Duration: 0 ms
User Id: 
SQL Command: SELECT PVALUE FROM OSPROPERTYVALUES WHERE OSID=#OSID AND ID=#ID AND PNAME=#PNAME
OSID=1
ID=workflow
PNAME=Language
</Log><Log id="" logtype="None" datetime="21:31" user="" logname="GetDataTable method executed">Method Name: GetDataTable
Duration: 1 ms
User Id: 
SQL Command: SELECT * FROM OSUSERS WHERE ID=#ID
ID=workflow
</Log><Log id="" logtype="None" datetime="21:31" user="" logname="GetScalarValue method executed">Method Name: GetScalarValue
Duration: 0 ms
User Id: 
SQL Command: SELECT PVALUE FROM OSPROPERTYVALUES WHERE OSID=#OSID AND ID=#ID AND PNAME=#PNAME
OSID=1
ID=workflow
PNAME=Language
</Log><Log id="" logtype="None" datetime="21:33" user="" logname="GetDataTable method executed">Method Name: GetDataTable
Duration: 2 ms
User Id: 
SQL Command: SELECT * FROM OSUSERS WHERE ID=#ID
ID=workflow
</Log><Log id="" logtype="None" datetime="21:33" user="" logname="GetScalarValue method executed">Method Name: GetScalarValue
Duration: 1 ms
User Id: 
SQL Command: SELECT PVALUE FROM OSPROPERTYVALUES WHERE OSID=#OSID AND ID=#ID AND PNAME=#PNAME
OSID=1
ID=workflow
PNAME=Language
</Log><Log id="" logtype="None" datetime="21:43" user="" logname="GetDataTable method executed">Method Name: GetDataTable
Duration: 1 ms
User Id: 
SQL Command: SELECT * FROM OSUSERS WHERE ID=#ID
ID=workflow
</Log><Log id="" logtype="None" datetime="21:43" user="" logname="GetScalarValue method executed">Method Name: GetScalarValue
Duration: 0 ms
User Id: 
SQL Command: SELECT PVALUE FROM OSPROPERTYVALUES WHERE OSID=#OSID AND ID=#ID AND PNAME=#PNAME
OSID=1
ID=workflow
PNAME=Language
</Log><Log id="" logtype="None" datetime="21:53" user="" logname="GetDataTable method executed">Method Name: GetDataTable
Duration: 3 ms
User Id: 
SQL Command: SELECT * FROM OSUSERS WHERE ID=#ID
ID=workflow
</Log><Log id="" logtype="None" datetime="21:53" user="" logname="GetScalarValue method executed">Method Name: GetScalarValue
Duration: 1 ms
User Id: 
SQL Command: SELECT PVALUE FROM OSPROPERTYVALUES WHERE OSID=#OSID AND ID=#ID AND PNAME=#PNAME
OSID=1
ID=workflow
PNAME=Language
</Log><Log id="" logtype="None" datetime="22:32" user="" logname="GetDataTable method executed">Method Name: GetDataTable
Duration: 2 ms
User Id: 
SQL Command: SELECT * FROM OSUSERS WHERE ID=#ID
ID=workflow
</Log><Log id="" logtype="None" datetime="22:32" user="" logname="GetScalarValue method executed">Method Name: GetScalarValue
Duration: 0 ms
User Id: 
SQL Command: SELECT PVALUE FROM OSPROPERTYVALUES WHERE OSID=#OSID AND ID=#ID AND PNAME=#PNAME
OSID=1
ID=workflow
PNAME=Language
</Log><Log id="" logtype="None" datetime="22:56" user="" logname="GetDataTable method executed">Method Name: GetDataTable
Duration: 1 ms
User Id: 
SQL Command: SELECT * FROM OSUSERS WHERE ID=#ID
ID=workflow
</Log><Log id="" logtype="None" datetime="22:56" user="" logname="GetScalarValue method executed">Method Name: GetScalarValue
Duration: 0 ms
User Id: 
SQL Command: SELECT PVALUE FROM OSPROPERTYVALUES WHERE OSID=#OSID AND ID=#ID AND PNAME=#PNAME
OSID=1
ID=workflow
PNAME=Language
</Log><Log id="" logtype="None" datetime="23:07" user="" logname="GetDataTable method executed">Method Name: GetDataTable
Duration: 2 ms
User Id: 
SQL Command: SELECT * FROM OSUSERS WHERE ID=#ID
ID=workflow
</Log><Log id="" logtype="None" datetime="23:07" user="" logname="GetScalarValue method executed">Method Name: GetScalarValue
Duration: 1 ms
User Id: 
SQL Command: SELECT PVALUE FROM OSPROPERTYVALUES WHERE OSID=#OSID AND ID=#ID AND PNAME=#PNAME
OSID=1
ID=workflow
PNAME=Language
</Log><Log id="" logtype="None" datetime="23:12" user="" logname="GetDataTable method executed">Method Name: GetDataTable
Duration: 5 ms
User Id: 
SQL Command: SELECT * FROM OSUSERS WHERE ID=#ID
ID=workflow
</Log><Log id="" logtype="None" datetime="23:12" user="" logname="GetScalarValue method executed">Method Name: GetScalarValue
Duration: 0 ms
User Id: 
SQL Command: SELECT PVALUE FROM OSPROPERTYVALUES WHERE OSID=#OSID AND ID=#ID AND PNAME=#PNAME
OSID=1
ID=workflow
PNAME=Language
</Log><Log id="" logtype="None" datetime="23:52" user="" logname="GetDataTable method executed">Method Name: GetDataTable
Duration: 2 ms
User Id: 
SQL Command: SELECT * FROM OSUSERS WHERE ID=#ID
ID=workflow
</Log><Log id="" logtype="None" datetime="23:52" user="" logname="GetScalarValue method executed">Method Name: GetScalarValue
Duration: 1 ms
User Id: 
SQL Command: SELECT PVALUE FROM OSPROPERTYVALUES WHERE OSID=#OSID AND ID=#ID AND PNAME=#PNAME
OSID=1
ID=workflow
PNAME=Language
</Log><Log id="" logtype="None" datetime="24:22" user="" logname="GetDataTable method executed">Method Name: GetDataTable
Duration: 2 ms
User Id: 
SQL Command: SELECT * FROM OSUSERS WHERE ID=#ID
ID=workflow
</Log><Log id="" logtype="None" datetime="24:22" user="" logname="GetScalarValue method executed">Method Name: GetScalarValue
Duration: 0 ms
User Id: 
SQL Command: SELECT PVALUE FROM OSPROPERTYVALUES WHERE OSID=#OSID AND ID=#ID AND PNAME=#PNAME
OSID=1
ID=workflow
PNAME=Language
</Log><Log id="" logtype="None" datetime="24:30" user="" logname="GetDataTable method executed">Method Name: GetDataTable
Duration: 1 ms
User Id: 
SQL Command: SELECT * FROM OSUSERS WHERE ID=#ID
ID=workflow
</Log><Log id="" logtype="None" datetime="24:30" user="" logname="GetScalarValue method executed">Method Name: GetScalarValue
Duration: 0 ms
User Id: 
SQL Command: SELECT PVALUE FROM OSPROPERTYVALUES WHERE OSID=#OSID AND ID=#ID AND PNAME=#PNAME
OSID=1
ID=workflow
PNAME=Language
</Log><Log id="" logtype="None" datetime="24:33" user="" logname="GetDataTable method executed">Method Name: GetDataTable
Duration: 1 ms
User Id: 
SQL Command: SELECT * FROM OSUSERS WHERE ID=#ID
ID=workflow
</Log><Log id="" logtype="None" datetime="24:33" user="" logname="GetScalarValue method executed">Method Name: GetScalarValue
Duration: 0 ms
User Id: 
SQL Command: SELECT PVALUE FROM OSPROPERTYVALUES WHERE OSID=#OSID AND ID=#ID AND PNAME=#PNAME
OSID=1
ID=workflow
PNAME=Language
</Log><Log id="" logtype="None" datetime="25:11" user="" logname="GetDataTable method executed">Method Name: GetDataTable
Duration: 3 ms
User Id: 
SQL Command: SELECT * FROM OSUSERS WHERE ID=#ID
ID=workflow
</Log><Log id="" logtype="None" datetime="25:11" user="" logname="GetScalarValue method executed">Method Name: GetScalarValue
Duration: 1 ms
User Id: 
SQL Command: SELECT PVALUE FROM OSPROPERTYVALUES WHERE OSID=#OSID AND ID=#ID AND PNAME=#PNAME
OSID=1
ID=workflow
PNAME=Language
</Log><Log id="" logtype="None" datetime="25:47" user="" logname="GetDataTable method executed">Method Name: GetDataTable
Duration: 2 ms
User Id: 
SQL Command: SELECT * FROM OSUSERS WHERE ID=#ID
ID=workflow
</Log><Log id="" logtype="None" datetime="25:47" user="" logname="GetScalarValue method executed">Method Name: GetScalarValue
Duration: 1 ms
User Id: 
SQL Command: SELECT PVALUE FROM OSPROPERTYVALUES WHERE OSID=#OSID AND ID=#ID AND PNAME=#PNAME
OSID=1
ID=workflow
PNAME=Language
</Log><Log id="" logtype="None" datetime="25:52" user="" logname="GetDataTable method executed">Method Name: GetDataTable
Duration: 1 ms
User Id: 
SQL Command: SELECT * FROM OSUSERS WHERE ID=#ID
ID=workflow
</Log><Log id="" logtype="None" datetime="25:52" user="" logname="GetScalarValue method executed">Method Name: GetScalarValue
Duration: 0 ms
User Id: 
SQL Command: SELECT PVALUE FROM OSPROPERTYVALUES WHERE OSID=#OSID AND ID=#ID AND PNAME=#PNAME
OSID=1
ID=workflow
PNAME=Language
</Log><Log id="" logtype="None" datetime="25:54" user="" logname="GetDataTable method executed">Method Name: GetDataTable
Duration: 1 ms
User Id: 
SQL Command: SELECT * FROM OSUSERS WHERE ID=#ID
ID=workflow
</Log><Log id="" logtype="None" datetime="25:54" user="" logname="GetScalarValue method executed">Method Name: GetScalarValue
Duration: 0 ms
User Id: 
SQL Command: SELECT PVALUE FROM OSPROPERTYVALUES WHERE OSID=#OSID AND ID=#ID AND PNAME=#PNAME
OSID=1
ID=workflow
PNAME=Language
</Log><Log id="" logtype="None" datetime="26:30" user="" logname="GetDataTable method executed">Method Name: GetDataTable
Duration: 2 ms
User Id: 
SQL Command: SELECT * FROM OSUSERS WHERE ID=#ID
ID=workflow
</Log><Log id="" logtype="None" datetime="26:30" user="" logname="GetScalarValue method executed">Method Name: GetScalarValue
Duration: 0 ms
User Id: 
SQL Command: SELECT PVALUE FROM OSPROPERTYVALUES WHERE OSID=#OSID AND ID=#ID AND PNAME=#PNAME
OSID=1
ID=workflow
PNAME=Language
</Log><Log id="" logtype="None" datetime="26:43" user="" logname="GetDataTable method executed">Method Name: GetDataTable
Duration: 1 ms
User Id: 
SQL Command: SELECT * FROM OSUSERS WHERE ID=#ID
ID=workflow
</Log><Log id="" logtype="None" datetime="26:43" user="" logname="GetScalarValue method executed">Method Name: GetScalarValue
Duration: 0 ms
User Id: 
SQL Command: SELECT PVALUE FROM OSPROPERTYVALUES WHERE OSID=#OSID AND ID=#ID AND PNAME=#PNAME
OSID=1
ID=workflow
PNAME=Language
</Log><Log id="" logtype="None" datetime="27:12" user="" logname="GetDataTable method executed">Method Name: GetDataTable
Duration: 3 ms
User Id: 
SQL Command: SELECT * FROM OSUSERS WHERE ID=#ID
ID=workflow
</Log><Log id="" logtype="None" datetime="27:12" user="" logname="GetScalarValue method executed">Method Name: GetScalarValue
Duration: 0 ms
User Id: 
SQL Command: SELECT PVALUE FROM OSPROPERTYVALUES WHERE OSID=#OSID AND ID=#ID AND PNAME=#PNAME
OSID=1
ID=workflow
PNAME=Language
</Log><Log id="" logtype="None" datetime="27:12" user="" logname="GetDataTable method executed">Method Name: GetDataTable
Duration: 1 ms
User Id: 
SQL Command: SELECT * FROM OSUSERS WHERE ID=#ID
ID=workflow
</Log><Log id="" logtype="None" datetime="27:12" user="" logname="GetScalarValue method executed">Method Name: GetScalarValue
Duration: 0 ms
User Id: 
SQL Command: SELECT PVALUE FROM OSPROPERTYVALUES WHERE OSID=#OSID AND ID=#ID AND PNAME=#PNAME
OSID=1
ID=workflow
PNAME=Language
</Log><Log id="" logtype="None" datetime="27:18" user="" logname="GetDataTable method executed">Method Name: GetDataTable
Duration: 1 ms
User Id: 
SQL Command: SELECT * FROM OSUSERS WHERE ID=#ID
ID=workflow
</Log><Log id="" logtype="None" datetime="27:18" user="" logname="GetScalarValue method executed">Method Name: GetScalarValue
Duration: 0 ms
User Id: 
SQL Command: SELECT PVALUE FROM OSPROPERTYVALUES WHERE OSID=#OSID AND ID=#ID AND PNAME=#PNAME
OSID=1
ID=workflow
PNAME=Language
</Log><Log id="" logtype="None" datetime="27:50" user="" logname="GetDataTable method executed">Method Name: GetDataTable
Duration: 3 ms
User Id: 
SQL Command: SELECT * FROM OSUSERS WHERE ID=#ID
ID=workflow
</Log><Log id="" logtype="None" datetime="27:50" user="" logname="GetScalarValue method executed">Method Name: GetScalarValue
Duration: 1 ms
User Id: 
SQL Command: SELECT PVALUE FROM OSPROPERTYVALUES WHERE OSID=#OSID AND ID=#ID AND PNAME=#PNAME
OSID=1
ID=workflow
PNAME=Language
</Log><Log id="" logtype="None" datetime="28:31" user="" logname="GetDataTable method executed">Method Name: GetDataTable
Duration: 2 ms
User Id: 
SQL Command: SELECT * FROM OSUSERS WHERE ID=#ID
ID=workflow
</Log><Log id="" logtype="None" datetime="28:31" user="" logname="GetScalarValue method executed">Method Name: GetScalarValue
Duration: 0 ms
User Id: 
SQL Command: SELECT PVALUE FROM OSPROPERTYVALUES WHERE OSID=#OSID AND ID=#ID AND PNAME=#PNAME
OSID=1
ID=workflow
PNAME=Language
</Log><Log id="" logtype="None" datetime="28:41" user="" logname="GetDataTable method executed">Method Name: GetDataTable
Duration: 2 ms
User Id: 
SQL Command: SELECT * FROM OSUSERS WHERE ID=#ID
ID=workflow
</Log><Log id="" logtype="None" datetime="28:41" user="" logname="GetScalarValue method executed">Method Name: GetScalarValue
Duration: 0 ms
User Id: 
SQL Command: SELECT PVALUE FROM OSPROPERTYVALUES WHERE OSID=#OSID AND ID=#ID AND PNAME=#PNAME
OSID=1
ID=workflow
PNAME=Language
</Log><Log id="" logtype="None" datetime="28:43" user="" logname="GetDataTable method executed">Method Name: GetDataTable
Duration: 1 ms
User Id: 
SQL Command: SELECT * FROM OSUSERS WHERE ID=#ID
ID=workflow
</Log><Log id="" logtype="None" datetime="28:43" user="" logname="GetScalarValue method executed">Method Name: GetScalarValue
Duration: 0 ms
User Id: 
SQL Command: SELECT PVALUE FROM OSPROPERTYVALUES WHERE OSID=#OSID AND ID=#ID AND PNAME=#PNAME
OSID=1
ID=workflow
PNAME=Language
</Log><Log id="" logtype="None" datetime="29:10" user="" logname="GetDataTable method executed">Method Name: GetDataTable
Duration: 2 ms
User Id: 
SQL Command: SELECT * FROM OSUSERS WHERE ID=#ID
ID=workflow
</Log><Log id="" logtype="None" datetime="29:10" user="" logname="GetScalarValue method executed">Method Name: GetScalarValue
Duration: 0 ms
User Id: 
SQL Command: SELECT PVALUE FROM OSPROPERTYVALUES WHERE OSID=#OSID AND ID=#ID AND PNAME=#PNAME
OSID=1
ID=workflow
PNAME=Language
</Log><Log id="" logtype="None" datetime="29:50" user="" logname="GetDataTable method executed">Method Name: GetDataTable
Duration: 2 ms
User Id: 
SQL Command: SELECT * FROM OSUSERS WHERE ID=#ID
ID=workflow
</Log><Log id="" logtype="None" datetime="29:50" user="" logname="GetScalarValue method executed">Method Name: GetScalarValue
Duration: 1 ms
User Id: 
SQL Command: SELECT PVALUE FROM OSPROPERTYVALUES WHERE OSID=#OSID AND ID=#ID AND PNAME=#PNAME
OSID=1
ID=workflow
PNAME=Language
</Log>